Denominazione,Comune,Indirizzo,Partita
PELLETTERIE 2G DI GIUSEPPE TUTTOLANI E C. S.N.C.,CASTENASO,VIA G. VERDI 5,574581203.0
PIZZERIA DEL CORSO SNC DI MRIDHA NAZRUL E UZZAL HOWLADER,CREVALCORE,VIA MATTEOTTI 134,2736011202.0
BAR PROGRESSO S.N.C. DI WANG JIAHUI & C.,CASTEL MAGGIORE,VIA GRAMSCI 165,575291208.0
SOMAYEL S.N.C. DI HOQ MAFIZUL & C.,BOLOGNA,VIA SAN DONATO 30/E,2269811200.0
BRITISH INTERNATIONAL S.N.C. DI ROBERT HIGHTON E C.,CASALECCHIO DI RENO,GALLERIA RONZANI 3/9,2366321202.0
M.C. ALBA DI CALANCHI AURORA & C. S.N.C.,BOLOGNA,VIA G. OBERDAN 9,4144010370.0
GIEMME TRASPORTI S.N.C. DI CAVAZZA MARCO,BOLOGNA,VIA CASTIGLIONE 109/B,2080141209.0
PIZZINAT ARMANDO DI PIZZINAT ROBERTO E PIZZINAT VALENTINA S.N.C.,IMOLA,VIA BRODOLINI 13,548901206.0
IL BARONE*ROSSO S.N.C. DI BALZANO LUIGI E C.,MEDICINA,VIA MATTEOTTI 301,586711202.0
DESTRO SERVICE S.N.C. DI DESTRO FRANCO E C.,MINERBIO,VIA MARZABOTTO 5/G,2797361207.0
FREESIDE S.N.C. DI BENEDETTI LUIGI & C.,BOLOGNA,VIA DEL PRATELLO 96/E,3293831206.0
MILENA E ANDREA SNC DI CAPPUCCIO MILENA E C.,BOLOGNA,VIA PIETRO MENGOLI 26,3691371201.0
"LITOPRESS ESCULAPIO DI PARENTI GIAMPAOLO, PARENTI ALESSANDRO E BARONI VALERIA S.N.C.",BOLOGNA,VIA TERRACINI 30,729140376.0
MO.DA. PARRUCCHIERI LUI E LEI S.N.C. DI STRAFORINI MONIA E MAZZACURATI DANIELA,BARICELLA,VIA ROMA 3,523491207.0
LONGHI & TADDIA LABORATORIO ODONTOTECNICO DI LONGHI STEFANO E TADDIA ANDREA S.N.C.,BOLOGNA,VIA DELL'INDUSTRIA 33,3942780374.0
PANE E MORTADELLA S.N.C. DI RITA MAZZA & C.,BOLOGNA,VIA ARNO 36/38,2829911201.0
AUTOCARROZZERIA ITALCAR DI DARDI ROBERTA E C. S.N.C.,BOLOGNA,VIA CADUTI DI AMOLA 24,886780378.0
"TRUFFA FEDORA, E DRAGOMANNI STEFANIA E MONICA S.N.C. DI TRUFFA FEDORA & C.",BOLOGNA,VIA ZAMBONI 92,3159970379.0
CARROZZERIA VALE S.N.C. DI CAPEZZERA RAFFAELLO E CAPEZZERA VALENTINA,CALDERARA DI RENO,VIA XXV APRILE 2,2797571201.0
AUTOCARROZZERIA EUROCAR DI PIRILLO GAETANO E PIRILLO BRUNO S.N.C.,BOLOGNA,VIA DOLFI 4,866460371.0
LA*MECCANOGRAFICA DI MAGNANI STEFANO E C. S.N.C.,BOLOGNA,VIA NICOLO' DALL'ARCA 65/2B,379510373.0
GIULIANO MONARI E C. SNC,BOLOGNA,VIA VITTORIO VENETO 25/C,2271170371.0
PIZZERIA IL PORTICO S.N.C. DI ELIA MASSIMO & C.,BOLOGNA,STRADA MAGGIORE 53,2757261207.0
AL 25 S.N.C DI GABRIELLA SPORTELLI E BARBARA LEGGIO,BOLOGNA,VIA DEL PRATELLO 25,1982451203.0
TRATTORIA LA BICOCCA DI GHINI GIAN LUIGI & C. S.N.C.,CASALFIUMANESE,VIA CARSEGGIO 12,2255341204.0
MG S.N.C. DI MASCHERINI IVAN E GIORGI VALERIA,SAN BENEDETTO VAL DI SAMBRO,VIA MARCONI 12,3744591201.0
TUTTO CASA S.N.C. DI GUGLIELMI ROBERTO & C.,BOLOGNA,VIALE FELSINA 33/B,463670372.0
IL LAZZARONE SNC DI CORRADO ROBERTO E LIBERATORE ANTONIO,SAN LAZZARO DI SAVENA,VIA EMILIA 200,2862361207.0
"CINEAUDIOVISION SERVICE S.N.C. DI BONETTI MATTIA, TAGLIAVINI LORENZO, TAGLIAVINI LUCA & C.",BOLOGNA,VIA DEL TORNITORE 22-24,3483781203.0
BAIESI MAURIZIO E SARTI FABIO S.N.C.,BOLOGNA,VIA ALFONSINE 2/C,2271791200.0
SANITARIA CALDERARA SNC DI TIMELLINI MERIS E GAVINA ROBERTA,CALDERARA DI RENO,VIA DELLO SPORT 6/B,3952411209.0
DITTA GI.FA.ST. S.N.C. DI BOLELLI GIANFRANCO E VECCHI WILLIAM,SALA BOLOGNESE,VIA BIZZARRI 10/12,600451207.0
EUROUTENSIL S.N.C. DI ANDREA E LISA MAGNANINI,CASTEL MAGGIORE,VIA LA PIRA 38,2193021207.0
GELATERIA BALANZONE DI PAOLO FIORINI & C. S.N.C.,BOLOGNA,PIAZZA TRENTO TRIESTE 8/A,2315211207.0
B.B. S.N.C. DI BONFIGLIOLI MASSIMO E C.,MALALBERGO,VIA BIGNAMI 2/A,3201541202.0
ERREVI S.N.C. DI RAVALDI LUCIANA E C.,CALDERARA DI RENO,VIA ROMA 84,3039751205.0
OUTLINE S.N.C. DI BREDA ROBERTO & DELLA SCIUCCA SERGIO,BOLOGNA,VIA MAGAZZARI 7/G,3649080375.0
NONNA PAZZA S.N.C. DI IENNACO ANTONIO & C.,BOLOGNA,VIA PIAVE 31/B,3793851209.0
DELTA DI FEDERICI MARCO E C. S.N.C.,MORDANO,VIA DEL LAVORO 9,3833731205.0
IMMOBILIARE BURZI S.N.C. DI BURZI ENZO E GIOVANNI,CASALECCHIO DI RENO,VIA GALVANI 8,512371204.0
F.LLI GALETTI S.N.C. DI GALETTI NICOLA E C.,MEDICINA,VIA BRANDALISE 2,511391203.0
CREAZIONI*GARSON S.N.C. DI UMBERTO VACCARI & C.,MOLINELLA,VIA SELVA 45,642121206.0
S.A.V. MECCANICA S.N.C. DI APOLLO SALVATORE E CACCIAGUERRA ALBER- TO,ZOLA PREDOSA,VIA CURIEL 8,701541203.0
ETICHETTIFICIO 90 S.N.C. DI GAGLIARDI FRANCESCO PAOLO & C.,SAN LAZZARO DI SAVENA,VIA ZUCCHI 22,3254391208.0
PIZZA KING S.N.C. DI SHARIF IJAZ E KHAN IMTIAZ,BOLOGNA,VIA GUERRAZZI 11/B,2361981208.0
GIOIA DI CHEN JICONG E C. S.N.C.,ANZOLA DELL'EMILIA,VIA LUNGA 1,2343681207.0
CENTROFRUTTA*CASTIGLIONE DI ELMI GIANCARLO E ANNA S.N.C.,CASTIGLIONE DEI PEPOLI,VIA BOLOGNESE 81/3,583961206.0
NEHMAT S.N.C. DI MUHAMMAD RIAZ,BOLOGNA,VIA DEL BORGO SAN PIETRO 40/A,2926511201.0
ZEROCINQUE S.N.C. DI GIRONI VILBERTO E SIMONINI ROSSELLA,CASTEL MAGGIORE,VIA GRAMSCI 192 A/B,2518771205.0
TRATTORIA CA' DI PIPPO DI SASDELLI FRANCESCO E C. SNC,CASALFIUMANESE,VIA VALSELLUSTRA 31,3117601207.0
ONDE SU ONDE SNC DI GABRIELLA GAGLIO E C.,BOLOGNA,VIA MASSARENTI 90/2 E,4188300372.0
SA.SA S.N.C. DI SAVERIO MASINI E SABRINE BEN HAI HAMZA,PIANORO,VIA NAZIONALE 18/A-B,3646761209.0
A.T. PNEUSMOTORS SNC DI ALBANO ANDREA E TRAVAGLIANTI TONINO,ZOLA PREDOSA,VIA KENNEDY 18,3128231200.0
SISTER S.N.C. DI LUO BEILEI & C.,BOLOGNA,VIA GIUSEPPE MASSARENTI 48/F,3767931201.0
PASTICCERIA MILLE VOGLIE S.N.C. DI PALAZZO GIAN LUCA & C.,BOLOGNA,VIA CORIOLANO VIGHI 13,2565911209.0
"MONTART DI SGARGI GHERARDI LUCA , RONCARATI VALERIO E RONCARATI GIANGUIDO S.N.C.",GRANAROLO DELL'EMILIA,VIA CADUTI PER LA LIBERTA' 4,1619511205.0
SALUMI TONDI S.N.C. DI CHILETTI MARCO & C.,CASTEL D'AIANO,PIAZZA NANNI LEVERA 7,1948931207.0
G.P. BAR S.N.C. DI CARIANI GABRIELE E PALMIERI PATRIZIA,PIANORO,VIA NAZIONALE 160,2369051202.0
VLF IMOLA DI POGGI VANDA POGGI LUCIANO DALL'ALPI FRANCO SNC IN SIGLA VLF IMOLA SNC,IMOLA,VIA ASPROMONTE 21,2521721205.0
GRISU' S.N.C. DI FRANCESCA RUSCITTI E FORTUNATO FABBRIS,BOLOGNA,VIA DELLE MOLINE 15/B,3334851205.0
CHARME S.N.C. DI WATERFALL S.R.L.,BOLOGNA,VIA DELL ARCOVEGGIO 74/6,3442401208.0
SUPPINI AMELIA E C. S.N.C. DI LAFFI ISAIA,MARZABOTTO,VIA PORRETTANA NORD 5,631601200.0
BAR CENTRALE S.N.C. DI PAN CHENGJIE E C.,GALLIERA,PIAZZA DELLA REPUBBLICA 8-9/A,3113531200.0
NEW GREEN 2000 DI LANZI TIBERIO E MAZZONI LUCA S.N.C.,SAN GIOVANNI IN PERSICETO,PIAZZA DELLE POSTE 9,2995201205.0
MA.VA S.N.C. DI MARCO MELCHIORRI E VANESSA SOLINI,CASTEL SAN PIETRO TERME,VIA DECUMANO 1,3723611202.0
VETRERIA ALVA S.N.C. DI BARBIERI ALESSANDRO E APOLITO NICOLE,BOLOGNA,VIA PRATELLO 87,388340374.0
ITALRICAMBI S.N.C. DI CAVALIERI FOSCHINI FABIO & C.,BOLOGNA,VIA LARGA 15/6F,4211960374.0
D'ELIA PALMINO DI D'ELIA PALMINO E C. - S.N.C.,BORGO TOSSIGNANO,VIA ROMA 87,2184901201.0
IL DELFINO S.N.C. DI BAI EMANUELE & C.,ZOLA PREDOSA,VIA RISORGIMENTO 140,3199121207.0
C G F S.N.C. DI CARLO FABBRI & C.,BOLOGNA,VIA FINELLI 3,4326910371.0
BUSACCHI E MONESI S.N.C. DI BUSACCHI LARA E MONESI ANDREA & C.,BOLOGNA,VIALE ALCIDE DE GASPERI 11,3564791204.0
TOZZI-INVERNIZZI IMMOBILIARE DI TOZZI DINA & C. S.N.C.,BOLOGNA,VIA MAGINI 4,539981209.0
GOLDONI IMMOBILIARE S.N.C. DELLE DOTT.SSE GIORGIA E ROSSELLA GOLDONI,SANT'AGATA BOLOGNESE,VIA DON MINZONI 36/A,1829550381.0
T.M.L. DI TERZI MAURIZIO & LUCA S.N.C.,VALSAMOGGIA,VIA SANT'APOLLINARE 4218/A,2165771201.0
C & G S.N.C. DI CERISETTI LUCIANO E C.,BOLOGNA,VIA ALTOBELLI 15,3111900373.0
"OXTAR IMMOBILIARE S.N.C. DI CASADIO LORETI SILVIO, NANETTI SALVATORE E TADDIA BRUNO",BOLOGNA,VIA FOSSOLO 32,499061208.0
DALL'ALPI DAVIDE E C. S.N.C.,CASALFIUMANESE,PIAZZA CAVALLI 7/B,1593611203.0
ORTO DEL RE DI MAMUN MAYNUL ISLAM SNC,BOLOGNA,VIA PORRETTANA 85/A,3708201201.0
DARCHINI S.N.C. DI DARCHINI GIAN LUCA E C.,IMOLA,VIA APPIA 52,1541711204.0
"3B*ELETTRONICA S.N.C. DI BUFFAGNOTTI ADRIANO, BARTOLETTI DANIELE",BOLOGNA,VIA SANTA CROCE 16/F,3646910376.0
MAR.FA SERVIZI S.N.C. DI FAVARETTO M. E FAMIGLIETTI M.,CALDERARA DI RENO,VIA PRIMO MAGGIO 3,2693111201.0
AGRICOLA ROSA DI DALL'ARA LOREDANA & C. S.N.C.,BOLOGNA,VIA SAN DOMENICO 7,1989941206.0
LABORATORIO CHIESI S.N.C. DI CHIESI OLIVIA E C.,IMOLA,VIA BALDINI 1,519791206.0
VEMA DI VENTURI MORENO E MAURIZZI MARTINO S.N.C.,SASSO MARCONI,VIA PORRETTANA 363,4106310370.0
STOP 256 S.N.C. DI BONAGA CRISTINA E C.,BOLOGNA,VIA EMILIA PONENTE 256,1792581207.0
HOUSE DEFENDER S.N.C. DI LAMANDINI JURY & C.,MONTE SAN PIETRO,VIA LAVINO 12,2990301208.0
F.P.L. SNC DI PIZZO VINCENZO & C.,VERGATO,VIA RIO CANE' 24/A,1741091209.0
AUTOCARROZZERIA TARTARI E RIGHI S.N.C. DI TARTARI FABIO E RIGHI CELSO & C.,BOLOGNA,VIA MICHELINO 93/2 G,1982471201.0
FARMACIA BURZI DEI DOTTORI BURZI ANDREA E MATTIA S.N.C.,VALSAMOGGIA,VIA MAZZINI 9,3060041203.0
EREDI ZAMBELLI E SALVI S.N.C. DI RITA SALVI E C.,CAMUGNANO,LOCALITA' TRASSERRA CASTAGNO 10,2894781208.0
LA PESCHERIA DI BOCCHINI VALTER & C. S.N.C.,BOLOGNA,VIA GUELFA 5,1250090394.0
SPITALERI S.N.C. DI SPITALERI GIUSEPPE & C.,BOLOGNA,VIA FRATI 1,2253071209.0
TECNOCAB S.N.C. DI SAGRINI VALERIO & C.,IMOLA,VIA LUIGI MUSCONI 10,2279060392.0
LAVASECCO IL DELFINO SNC DI BIFANO CATERINA E KHOROSHOK TETYANA,BOLOGNA,VIA SARAGOZZA 101B/2,3816721207.0
OFFICINA MALAGUTI S.N.C. DI BERSANETTI VITTORE E C.,CASTEL SAN PIETRO TERME,VIA ABRUZZO 9,541521209.0
"FARMACIA SOLI DELLA CROCE DI CASALECCHIO DEI DOTTORI ALESSANDRA POLI, MICHELA BONORA E PAOLO BRECCIA FRATADOCCHI S.N.C.",CASALECCHIO DI RENO,VIA PORRETTANA 48/2,1892151208.0
LA VALLE DEI SAPORI S.N.C. DI AVITABILE CATELLO E PARATO CARLOTTA,MONTERENZIO,VIA DELL'OSTERIA 31/A,2658241209.0
BORELLI S.N.C. DI BORELLI LUCIANO E MASSIMO,SAN BENEDETTO VAL DI SAMBRO,VIA CA' DEI BORELLI 57/B,2405771201.0
SALGRADO S.N.C. DI SALVATORE E GRAZIANO DONADIO,CALDERARA DI RENO,VIA VERDE 7/A,3329351203.0
PASSINI GIULIANO,CASTEL D'AIANO,VIA DEI MARZADRI 8,1742191206.0
ECLISSI DI MARIARCA DELLA RAGIONE,MEDICINA,VIA PAOLO FILIPPINI 60,3788351207.0
VADOALMASSIMO*3 DI LANZARINI WALTER,SAN LAZZARO DI SAVENA,VIA PIO LA TORRE 1,237121207.0
ITAL COPERTURE DI GIANGRASSO GIUSEPPE,CASALECCHIO DI RENO,VIA CILEA 76,2595211208.0
MESSINA GIUSEPPE,BOLOGNA,VIA SAFFI 18/2/D/L,2206951200.0
EDITECS DI CABASSI RENZO,BOLOGNA,VIA RIZZOLI 4,887070373.0
SOCIETA' AGRICOLA MARTELLI ENZO E FIGLI S.S.,BOLOGNA,VIA CADRIANO 28,2179680372.0
MASSARO WILLIAM,MONZUNO,VIA VAL DI SETTA 105,2378821207.0
TEAL DI TEDESCHI ALESSANDRO,SAN BENEDETTO VAL DI SAMBRO,VIA VITTIME RAPIDO 904 15/B,1512551209.0
BOMBONATO ALESSIO & C. S.A.S.,BOLOGNA,VIA CIPRIANI 9,2224321204.0
BIESSE IMMOBILIARE S.R.L.,BOLOGNA,VIA FRANCESCO ZANARDI 355,3121111201.0
DIESSE S.R.L.,SAN LAZZARO DI SAVENA,VIA DELLA TECNICA 75,602291205.0
MALOSSI S.R.L.,SAN LAZZARO DI SAVENA,VIA SCORNETTA 1,670501204.0
NEW COPY DI SCIORTINO ALESSANDRA,BOLOGNA,VIA BELLE ARTI 26/A,2942161205.0
PIZZERIA LA BUSSOLA DI LISA MARIO,BOLOGNA,VIA SARAGOZZA 55/A,
NASSISI GIUSEPPE,BUDRIO,VIA MARTIRI ANTIFASCISTI 18,3206531208.0
CIESSEFFE S.R.L. IN LIQUIDAZIONE,SAN LAZZARO DI SAVENA,VIA EMILIA LEVANTE 168,11004011000.0
AIRBAG PROFESSIONAL S.R.L,SAN GIOVANNI IN PERSICETO,VIA PASTEUR 4,3566161208.0
BOLOGNA ASSICURAZIONI DI NICOLA SCOPA & C. S.A.S.,BOLOGNA,VIA AUGUSTO RIGHI 11,3524501206.0
DONZELLI VANESSA,BOLOGNA,VIA VITTORIO VENETO 22,3843401203.0
EDIL MAGDA DI DONATO FACCIORUSSO,BOLOGNA,VIA GUGLIELMO OBERDAN 19,3903801201.0
LA CASETTA IN MASSARENTI DI PAOLINO FRANCESCO,BOLOGNA,VIA GIUSEPPE MASSARENTI 152,3813331208.0
KOMPASS S.R.L.,BOLOGNA,VIA SAN PIER TOMMASO 18/3,2641681206.0
M.T.B. S.N.C. DI TASSINARI CINZIA E C.,BOLOGNA,VIA LORENZETTI 10,4200250373.0
AZ.AGR. POGGIO DI SOTTO S.S.,PIANORO,VIA ZENA 5,2337391201.0
MAURIZZI ALESSANDRO,MONTERENZIO,VIA PIZZANO 25,1576861205.0
AUTOFFICINA GRILLINI MASSIMO,DOZZA,VIA MORANDI 33,2987801202.0
EQUIPE MAX E RINA PARRUCCHIERI DI MASI MASSIMILIANO,BARICELLA,VIA ROMA 59,3149621207.0
MALAGOLI FLAVIO MASSIMO,BOLOGNA,VIA BELLARIA 36/B,2295791202.0
TECHNO STUDIO DI MASSIMO ZANETTI,SASSO MARCONI,VIA RENATA VIGANO' 11,3607581208.0
4D - FORMAZIONE E CONSULENZA PER LO SVILUPPO PROFESSIONALE E ORGANIZZATIVO S.R.L. IN LIQUIDAZIONE,BOLOGNA,VICOLO MARISCOTTI 4,3717681203.0
ASSISPORT BOLOGNA S.N.C. DI TESSITORE FRANCESCO E TOSI SANZIA.,BOLOGNA,VIA ZANARDI 56,2925561207.0
COMPAGNIA TESSILE ITALIANA S.N.C. DI BRAGA ANDREA E C.,BOLOGNA,VIA FRANCESCO DE SANCTIS 9/F,4320470372.0
AZIENDA AGRICOLA CA' ROSSA DI TARONI FILIPPO,IMOLA,VIA FERRA 2,2423011200.0
STUDIO ASSOCIATI S.R.L.,BOLOGNA,VIA TOSCANA 172/3,2425531205.0
EL SHARKAUI S.A.S. DI MOHAMED NASER ABDALLA HASSAN,BOLOGNA,VIA MASSARENTI 206,2832321208.0
BOLO FOOD EXPRESS DI GUMARI NICOLA,ARGELATO,VIA LAME 53,3527911204.0
HAPPY BUSINESS SOCIETA' A RESPONSABILITA' LIMITATA SEMPLIFICATA IN LIQUIDAZIONE,BOLOGNA,VIA CLETO TOMBA 15,3307881205.0
EUROBLU STAND DI MARCHI ALESSANDRA,BOLOGNA,VIA M. AMARI 1,2178791204.0
GELATERIA ARTIGIANALE DI MICHELINI MASSIMILIANO E ZAMBELLI SAMANTA & C. SNC,BOLOGNA,VIA PELAGIO PELAGI 35/B,2703341202.0
BIEMMECI IMMOBILIARE S.A.S. DI MARINELLA CASSANELLI E C.,MONTE SAN PIETRO,VIA LAVINO 102,2250201205.0
VAIANO ASSUNTA,MOLINELLA,VIA LEOPARDI GIACOMO 2,3899841203.0
ZANARDI BEVANDE S.N.C. DI DAVIDE RUSSO E C.,MEDICINA,VIA BARLETTA 14-16,3936531205.0
MENETTI GIUSEPPE E CACCIARI ROSSANA SOCIETA' AGRICOLA,CASTEL SAN PIETRO TERME,VIA COVA 899/D,1645221209.0
MARTELLI DI ROBERTO E MASSIMILIANO MARTELLI & C. - SOCIETA' IN AC COMANDITA SEMPLICE,SAN LAZZARO DI SAVENA,VIA LERCARO 1,2405011202.0
FUTURA EXPRESS S.A.S. DI SPULZO PASQUALINO & C.,SAN PIETRO IN CASALE,VIA SOARDINA 129/E,2529351203.0
SOCIETA AGRICOLA CASCINA GRANDE S.S.,IMOLA,VIA CHIESA DI MONTECATONE 2,2449401203.0
ROMAGNOLI ALESSANDRO,BOLOGNA,VIA LOMBARDIA 21/2,3473661209.0
BONAMASSA SARAH,CALDERARA DI RENO,VIA UNGHERI 25 A-B,2462801206.0
TAMBURRANO ALESSANDRO,BOLOGNA,VIA DEGLI ORTI 27,3756591206.0
MULTY SERVICE DI PASSERINI DAVIDE,SAN PIETRO IN CASALE,VIA CESARE PAVESE 9/F,3893301204.0
CENTRO CONTABILE*OZZANESE S.N.C. DI RUCCI MASSIMO E BARBERINI VALERIA,OZZANO DELL'EMILIA,VIA EMILIA 166,638861203.0
CARROZZERIA G.D. S.A.S. DI MAMMI MASSIMO & C.,ZOLA PREDOSA,VIA GARIBALDI 19/D,607581204.0
LAMBERTINI ASSICURAZIONI S.N.C. DI MASSIMO E MARA LAMBERTINI,BOLOGNA,VIA SAN FELICE 99,3875710372.0
LA MACELLERIA DI NALDI MASSIMO,BOLOGNA,VIA SERAFINO CALINDRI 6/B,3533561209.0
C.R.O.S.S.S. SRL (COMMERCIO ROTTAMI OFFICINA SERVIZI SOCCORSO STRADALE),IMOLA,VIA SAN VITALE 227/A,3523731200.0
GRENT DI ROSSI GIANLUCA,SASSO MARCONI,VIA DEGLI ANDREANI 21,3328391200.0
3GML DI FAMILY BUSINESS S.R.L. & C. S.A.S.,BOLOGNA,VIA BERTIERA 13,2864741208.0
SOCIETA' AGRICOLA FARNETO DI MONTEBUGNOLI E GALEOTTI S.S.,MONTERENZIO,VIA COLLINA 1,2250831209.0
AZ. AGRICOLA BRUNORA DI MONDINI MASSIMO,IMOLA,VIA DI MORDANO 2,1793911205.0
INSIDE PROMOTION DI CAVALLINA ALESSANDRO,BOLOGNA,VIALE XII GIUGNO 5,2200631204.0
COSTRUZIONI EDILI ESSEGI DI SERRA GIOVANNI,SANT'AGATA BOLOGNESE,VIA VALBONA 3,3355061205.0
ROMY & GIULI DI ROSSETTI GIULIANA E MARIANI MANUELA S.N.C.,DOZZA,VIA SANTI 14,660271206.0
AMADEI MASSIMILIANO,MORDANO,VIA SAN FRANCESCO 2612,2477920397.0
MULTIMUSICA SERVIZI E SPETTACOLI DI VENTURI MASSIMO,MONZUNO,VIA DEL LAGO 5,2813081201.0
GE.ME.DE. S.A.S. DI ROSSINI MARIA E C.,CASTENASO,VIA CARLINA 23,694251208.0
CAPORIVOLTO S.N.C. DI VENTURI ALESSANDRA,BOLOGNA,VIA BEETHOVEN 8,2118361209.0
RUSSO GERMANO,ARGELATO,VIA LARGHE 1/3,2565571201.0
FELIGETTI MASSIMO,OZZANO DELL'EMILIA,VIA DEGLI ORTI 22,3119601205.0
PASSI SOCIETA' COOPERATIVA,BOLOGNA,VIA SCIPIONE INNOCENTI 37,3252781202.0
TRAPASSO DOMENICO,BOLOGNA,VIA JACOPO DI PAOLO 33/2,3678061205.0
G. GRASSILLI DEL DR. GIANNI GRASSILLI,BOLOGNA,VIA CASTIGLIONE 3/A,246380372.0
EFFEGI S.A.S. DI BASSI FRANCESCA E C.,BOLOGNA,VIA CALZOLERIE 1,3101600405.0
CA' DI MATTI DI LAURA LENOCI E MATTIA MALOSSI S. N. C.,GRANAROLO DELL'EMILIA,VIA REGGIANI 11,3124241203.0
TECHNOTISSUE CONSULTING DI LAURA MARCOLINI & C. S.A.S.,SAN LAZZARO DI SAVENA,VIA DEL POZZO 2,3679261200.0
I.T.E.M. DI SCALORBI MASSIMILIANO,MEDICINA,VIA GALISANO 36,4323930372.0
MAX RENT DI MESSINESE MASSIMILIANO,BOLOGNA,VIA ZANARDI 92/4,2506470737.0
AP SERVICE DI PIRRONE ALESSANDRO,PIANORO,VIA CANOVACCIA 15,2664241201.0
PROFUMERIA ABBIGLIAMENTO FOSSOLO DI CAPELLI CRISTINA,BOLOGNA,VIALE FELSINA 35/A,3220251205.0
RAMBALDI MASSIMO,OZZANO DELL'EMILIA,VIA EMILIA 160,378951206.0
DAL FURNER DI PAVAN MASSIMO E GRANDI PAMELA S.N.C.,BOLOGNA,VIA DI CORTICELLA 19,4322120371.0
EUROASIA ENTERPRISE S.N.C. DI HOSSAIN ZABIR E RANA SHAHARIAR & C.,BOLOGNA,VIA PETRONI 3/A,2638861209.0
IL SOLE DI THABET MOHAMED IBRAHIM HUSSEIN,BOLOGNA,VIA MASCARELLA 41,2823001207.0
TRATTORIA LA BASSA S.N.C. DI SIMONE CASSOLI & C.,ANZOLA DELL'EMILIA,VIA DON MINZONI 6,2832771204.0
S.O.S. LUCE DI ROSSETTI MIRKO,BOLOGNA,VIA MISA 45,2413651205.0
IL BRICCO SAS DI ALESSANDRO BULGARELLI E C.,BOLOGNA,VIA DEI CARRETTIERI 20/2,3580951204.0
COMPRAVENDITE IMMOBILIARI DI PUJA ROCCO MASSIMO,BOLOGNA,VIA DEL VERROCCHIO 12/O,2449541206.0
RIBECCO MASSIMILIANO,SAN GIOVANNI IN PERSICETO,VIA ZENERIGOLO 16,2673821209.0
AMEDEA S.A.S. DI ALESSANDRO DE NIGRIS & C.,ZOLA PREDOSA,VIA MINCIO 32,2587361201.0
FARMACIA SAN MAMOLO DEL DOTT.PAOLO BETTINI E DELLA DOTT.SSA CHIARA HYERACI S.N.C.,BOLOGNA,VIA SAN MAMOLO 25/D,4218760371.0
DRAGHETTI ROSSANO,MEDICINA,VIA PILASTRINO 285,141701201.0
MATTIOLI BRUNO DI MATTIOLI MASSIMO,MINERBIO,VIA DI VITTORIO 12,2525191207.0
SOCIETA' AGRICOLA CASSANI DI CASSANI JONATHAN E C. S.S.,MEDICINA,VIA NUOVA 1551/B,3761651201.0
TECNOMEL S.A.S. DI MELETTI ALESSIO & C.,SAN GIOVANNI IN PERSICETO,VIA CADUTI DI BENEDELLO 9,2621981204.0
SOCIETA' AGRICOLA BORTOLAN S.S.,MALALBERGO,VIA NAZIONALE 358,578791204.0
GRASSO FRANCESCO,BOLOGNA,VIA VALLE D'AOSTA 14,2545621209.0
ROSSI GIUSEPPE,CASTENASO,VIA FOGGIANUOVA 7,881301204.0
PALMIERI ALESSANDRO,BOLOGNA,VIA OSSERVANZA 39,4284880376.0
ESSE IMPIANTI DI PONGETTI STEFANO,CALDERARA DI RENO,VIA DELL'ARTIGIANO 112,2210901209.0
TECNOESPANSI SOCIETA' A RESPONSABILITA' LIMITATA SEMPLIFICATA,SAN GIORGIO DI PIANO,VIA VINCA 6,3636251203.0
DESPAIGNE MANRIQUE YUMARA FRANCISCA,BOLOGNA,VIA BARBERIA 22/A,3651081204.0
IR4I CLUSTER TECNOLOGICO AEROSPAZIALE DELL'EMILIA ROMAGNA S.C.AR.L.,MEDICINA,VIA ROSLE' 115,3229451202.0
OFFICINE MACCAFERRI - S.P.A.,BOLOGNA,VIA DEL FAGGIOLO 1/12,2145540379.0
SPADONI PAOLO,MEDICINA,VIA VANNINI ELIA 2,1937981205.0
SAMP S.P.A. IN LIQUIDAZIONE,BENTIVOGLIO,VIA SALICETO 15,283710374.0
GASPARRI S.R.L. IN LIQUIDAZIONE,BOLOGNA,VIA ALBIROLI 10,245850375.0
CAFFITALY SYSTEM S.P.A.,GAGGIO MONTANO,VIA PANIGALI 38-38/A,6114900969.0
ANTICHITA' AL TEATRO DUSE DI SPALLETTA CRISTIANA,BOLOGNA,VIA BELLARIA 28,2007870377.0
GRUPPO DIPIERRI S.P.A.,SAN LAZZARO DI SAVENA,VIA SALVO D'ACQUISTO 1,2277901209.0
AL RISPARMIO DI PAVENTI BRUNELLA,BOLOGNA,VIA SARDEGNA 10/B,2861341200.0
PASTORE & LOMBARDI S.P.A.,GRANAROLO DELL'EMILIA,VIA DON MINZONI 3,3276650375.0
S.E.FIN. S.P.A. SOCIETA' DI INTERMEDIAZIONE MOBILIARE,BOLOGNA,VIA DEL BORGO DI SAN PIETRO 92,4109690372.0
SPAZIO MEDIA S.N.C. DI ANNA PIAZZI E C.,BOLOGNA,VIA PULEGA 7,2738121207.0
MODULI ELETTRONICI E COMPONENTI S.P.A. (IN SIGLA *M.E.C. S.P.A.),BOLOGNA,VIA DELLA SALUTE 34/1,2015140375.0
COESIA FINANCE S.P.A.,BOLOGNA,VIA BATTINDARNO 91,2947561201.0
PARDGROUP SPA,BENTIVOGLIO,VIA CASTAGNOLINO 34/A,3369761204.0
MZ ASPIRATORI S.P.A.,BUDRIO,VIA CERTANI 7,516881208.0
FRESCOPIADINA DI SPARACIO SALVATORE,SAN GIOVANNI IN PERSICETO,VIA CASTELLETTO 6/E,3253611200.0
ITALIAN SPACE DESIGN S.R.L.,MINERBIO,VIA ROMA 41,3551651205.0
EDIL CO.DI - SOCIETA' IN NOME COLLETTIVO - DI CORACI GASPARE & DI GREGORIO BARTOLOMEO,SAN PIETRO IN CASALE,VIA BATTISTI 24,1640051205.0
SPAGNA STEFANO,BOLOGNA,VIA PIER PAOLO MOLINELLI 4,2167091202.0
SPAGNULO STEFANO,BOLOGNA,VIA ZANARDI 269,2514031208.0
PREMIO S.P.A. IN LIQUIDAZIONE,BOLOGNA,VIA ARCOVEGGIO 70,1329040354.0
COSTRUZIONI LINEE FERROVIARIE S.P.A. IN SIGLA C.L.F. S.P.A.,BOLOGNA,VIA DELLA COOPERAZIONE 34,1925561209.0
SOCIETA' AZIONARIA MATERIALE OSPEDALIERO - S.A.M.O. S.P.A. IN LIQUIDAZIONE,GRANAROLO DELL'EMILIA,VIA MATTEOTTI 37,283010379.0
HP HYDRAULIC S.P.A.,PIEVE DI CENTO,VIA ZALLONE 20,562991208.0
CREMONINI & GASPARRI SNC DI GASPARRI GIANLUCA & C.,BOLOGNA,VIA SAN SIMONE 3,603850371.0
SPAGNULO MICHELE,BOLOGNA,VIALE LINCOLN 40,4284700376.0
CREA IL TUO SPAZIO VERDE DI TAFANI MIKEL,IMOLA,VIA CODRIGNANO 16,3912911207.0
GEO SURVEY OFFSHORE -*G.S.O. S.P.A.,PIANORO,VIA DEL LAVORO 15,
FANTONI GIANNI - S.P.A.,SAN LAZZARO DI SAVENA,VIA RUSSO 10,2165550373.0
NAMASTE' BEAUTY CENTER DI SPATARO NUNZIA,ALTO RENO TERME,VIA NAZIONALE 77,1977760477.0
OGNIBENE S.P.A.,BOLOGNA,VIA DEL TIPOGRAFO 6,1215090372.0
VARVEL - S.P.A.,VALSAMOGGIA,VIA 2 AGOSTO 1980 9,518591201.0
IL FONDACCIO DI GASPARINI GIORGIO & C. S.N.C.,LIZZANO IN BELVEDERE,VIA GASPERINI 22,1669871202.0
IPERSPAZIO.COM DI TEDESCHI DOMENICO,PIANORO,VIA SCONCOLA 6,2065421204.0
INNOVA HOLDING S.P.A.,BOLOGNA,VIA GIOVANNI PAPINI 18,3548721202.0
GASPARRI ROMANO,MORDANO,VIA BUTTACECE 12,1823181209.0
UNIPOLPART I S.P.A.,BOLOGNA,VIA STALINGRADO 37,3713571200.0
MITEM SUD S.P.A.,BOLOGNA,VIA PAOLO NANNI COSTA 30,1923141202.0
RIFRA S.N.C. DI SPAGNUOLO ANTONIO & C.,BOLOGNA,VIA NORMANDIA 12/E,3095001206.0
BEGHELLI S.P.A.,VALSAMOGGIA,VIA MOZZEGHINE 13/15,666341201.0
PARTENA - S.P.A.,BOLOGNA,GALLERIA CAVOUR 4,565150372.0
VILLA*BARUZZIANA S.P.A.,BOLOGNA,VIA DELL'OSSERVANZA 19,1091760379.0
RASPANTI MATTIA,BOLOGNA,VIA GIUSEPPE PETRONI 13,3530161201.0
SOCIETA' ITALIANA APPALTI - S.I.A. S.P.A.,BOLOGNA,VIA RIZZOLI 4,1937990644.0
FIORENTINI WELDING S.P.A.,CASTENASO,VIA CA' DELL'ORBO SUD 8/2,618991202.0
LA TRASPARENZA DI RAGUSA SAMUELE,CASTEL SAN PIETRO TERME,VIA GIUSEPPE DI VITTORIO 37,3460301207.0
DASPA S.R.L.,ZOLA PREDOSA,VIA GRAZIA 3,1590861207.0
MARCONIGOMMA GROUP S.P.A.,SASSO MARCONI,VIA DELL'EUROPA 28,2123801207.0
SPATARELU FLORICA,BOLOGNA,VIA PASSAROTTI 17,2859431203.0
SPADA DANIELE,IMOLA,VIA BECCARIA 22/B,2365681200.0
GLOBAL SCAVI S.N.C. DI DE BLASI VITO E GASPARE,GRANAROLO DELL'EMILIA,VIA SAN DONATO 145,3806821207.0
REKEEP S.P.A.,ZOLA PREDOSA,VIA UBALDO POLI 4,2402671206.0
BOLOGNA STADIO S.P.A.,BOLOGNA,VIA CASTELDEBOLE 10,3852721202.0
IMS GIOTTO S.P.A.,SASSO MARCONI,VIA SAGITTARIO 5,9695290966.0
ENDURA S.P.A.,BOLOGNA,VIALE PIETRAMELLARA 5,2156320372.0
THE JACK BAR DI SPAVONE CRISTIAN,BOLOGNA,VIA CIPRIANI 5,2581960396.0
RASPANTE MARCELLO,BOLOGNA,VICOLO BIANCO 5/2,
STRUTTURA INFORMATICA S.P.A.,CASTENASO,VIA G. BENTIVOGLI 23,3540241209.0
SPAZIO 85 S.R.L.,BOLOGNA,VIA SAN GIORGIO 9,3725371201.0
ECOLOGIA ITALIANA S.P.A. IN LIQUIDAZIONE,BOLOGNA,VIA BARONTINI 16-20,2179341207.0
GRANAROLO S.P.A. IN SIGLAG. SPA,BOLOGNA,VIA CADRIANO 27/2,4119190371.0
EURODENT S.P.A. IN LIQUIDAZIONE,SAN LAZZARO DI SAVENA,VIA EMILIA LEVANTE 482/1,593471204.0
SAFE S.P.A.,SAN GIOVANNI IN PERSICETO,VIA LAMBORGHINI 18,3224661201.0
CLARINS ITALIA S.P.A.,BOLOGNA,VIA TRATTATI COMUNITARI EUROPEI 5,1621271202.0
CASEIFICIO COMELLINI ROBERTO SPA,CASTEL SAN PIETRO TERME,VIA FLAVIO GIOIA 6,657851200.0
MAPI - SOCIETA' COSTRUZIONI METALMECCANICHE - S.P.A.,BOLOGNA,VIA PAOLO NANNI COSTA 30,1923161200.0
POGGIPOLINI S.P.A.,SAN LAZZARO DI SAVENA,VIA EMILIA 262,595781204.0
METALCASTELLO S.P.A.,CASTEL DI CASIO,VIA DON FORNASINI 12,10014611007.0
GASPARRI MASSIMO,CASTIGLIONE DEI PEPOLI,VIA CA' DI FABBIANI 2,1585461203.0
FARBANCA S.P.A.,BOLOGNA,VIA IRNERIO 43/B,1795501202.0
SANITALIA DISINFESTAZIONI DI ALESSANDRO SPADARO DUTTORE,CASTENASO,VIA MARANO 18/3,3620201206.0
LA STREGHETTA CAFE'DI SPALAZZI SAMANTHA,BOLOGNA,VIA PANIGALE 8/A,3130011202.0
WOOLRICH EUROPE S.P.A.,BOLOGNA,VIA DELLA COOPERAZIONE 21,3506281207.0
GREENTIME S.P.A.,BOLOGNA,VIA DI CORTICELLA 181/3,279880371.0
B. GROUP S.P.A,BOLOGNA,PIAZZA SAN DOMENICO 9,2114151208.0
GIANLUCA ESPA,ZOLA PREDOSA,VIA BELVEDERE 28,2883181204.0
CESARE RAGAZZI COMPANY S.P.A.,ZOLA PREDOSA,VIA ROMA 36,540151206.0
COESIA S.P.A.,BOLOGNA,VIA BATTINDARNO 91,2221441203.0
CEBORA S.P.A.,GRANAROLO DELL'EMILIA,VIA A. COSTA 24,521371203.0
MEDIPASS S.P.A.,BOLOGNA,VIA ILIO BARONTINI 20,1790611204.0
HYPHEN - S.P.A. ...................................................................(11),BOLOGNA,VIA DEL TIPOGRAFO 6,
SPAGNESI STEFANO,BOLOGNA,VIA ARIENTI 38,1959331206.0
RED SPARROW S.R.L.,BOLOGNA,VIA BELLOMBRA 1/4 A,3377791201.0
ANB COOP SOCIETA' COOPERATIVA AGRICOLA S.P.A. IN BREVE ANB COOP SOC.COOP. AGRICOLA S.P.A.,BOLOGNA,VIA EDOARDO COLLAMARINI 14,3143811200.0
SPACCAPANICCIA GIUSEPPE,BOLOGNA,VIA DAL LINO 27/2,1848561203.0
NET SERVICE S.P.A.,BOLOGNA,GALLERIA MARCONI 2,4339710370.0
ALCE NERO FRESCO S.P.A. IN LIQUIDAZIONE,CASTEL SAN PIETRO TERME,VIA HENRY FORD 2/A,3632811208.0
ANDREOLI GASPARE,CASTEL SAN PIETRO TERME,VIA IRMA BANDIERA 26,1585561200.0
META - S.P.A.,SAN LAZZARO DI SAVENA,VIA SPERANZA 35,669241200.0
SPARACIO GIACOMO,CASALECCHIO DI RENO,VIA MARCONI 64,2829671201.0
FINCAR S.P.A.,CASALECCHIO DI RENO,VIA GUIDO ROSSA 9,177910361.0
BAZAR DI RASPADORI STELLINA E C. S.N.C.,MEDICINA,VIA LIBERTA' 124/1,629211202.0
I MULINI A VENTO DI RASPANTI NADA E RASO LOREDANA SNC,CASTEL SAN PIETRO TERME,VIA PUGLIE 1/3,2762381206.0
REGINA NAIL SPA DI JIN ZHENZHEN,BOLOGNA,VIA MARCONI 24,3721381204.0
ENOIL BIOENERGIES ITALIA S.P.A.,BOLOGNA,VIA BELLE ARTI 31,3592511202.0
J-INVEST S.P.A.,BOLOGNA,VIA CASTIGLIONE 8,6110740963.0
AZIENDA AGRICOLA S.PAOLO S.R.L.,CASALECCHIO DI RENO,VIA CALZAVECCHIO 23,1601951203.0
EURASIA S.R.L.,SAN GIOVANNI IN PERSICETO,VIA EINSTEIN 8-40,3006411205.0
GV COSTRUZIONI SRL DI GEOM. VINCENZO GIALONE,CASTEL SAN PIETRO TERME,VIA MAZZINI 106,3856451202.0
SOCIETA' EDILE IMMOBILIARE BOLOGNESE - S.E.I.BO - S.R.L. IN LIQUIDAZIONE,BOLOGNA,VIA MOLISE 1,2013690371.0
SOLE S.R.L.,BOLOGNA,VIA BERENGARIO DA CARPI 6,2501851204.0
FEDENERGY SOLAR S.R.L.,BOLOGNA,ROTONDA GIUSEPPE ANTONIO TORRI 9,3920561200.0
VERONESI S.R.L.,SAN GIORGIO DI PIANO,VIA XXV APRILE 3,592861207.0
ISOKINETIC CONFERENCE S.R.L.,BOLOGNA,VIA CASTELDEBOLE 8/6,3801731203.0
VENDITTI SRL SEMPLIFICATA,IMOLA,VIA PASOLINI 21,3723071209.0
SOL S.R.L. IN LIQUIDAZIONE,CASTENASO,VIA GIACOMO BULGARELLI 5,3824391209.0
I.T.C. 2000 S.R.L.,BOLOGNA,VIALE XII GIUGNO 26,1904651203.0
S.L.V. COSTRUZIONI S.R.L. IN LIQUIDAZIONE,BOLOGNA,VIA DEL BATTIRAME 3,3803991201.0
MANDORLA S.R.L.,BOLOGNA,VIA SEBASTIANO SERLIO 31,3505731202.0
VALMAR - S.R.L.,CASTELLO D'ARGILE,VIA DEL LAVORO 8/B,672601200.0
PROMOBIL ATTREZZATURE INDUSTRIALI S.R.L.,MINERBIO,VIA RONCHI VECCHIA 9,2008021202.0
CENTRO ODONTOIATRICO DIAZZI BOLOGNA S.R.L.,BOLOGNA,VIA MATTEOTTI 23,2979811201.0
TABULAE S.R.L. IN LIQUIDAZIONE,BOLOGNA,VIA SARAGOZZA 81,3400991208.0
SMCORE S.R.L.,ZOLA PREDOSA,VIA DELLE OFFICINE 5,2907231209.0
B E C S.R.L.,VERGATO,PIAZZA IV NOVEMBRE 7,3409441205.0
AREM ITALIA S.R.L.,SAN GIOVANNI IN PERSICETO,VIA NEWTON 30,1711041200.0
T C B S.R.L.,BOLOGNA,VIA DELLA ZECCA 2,2338891209.0
CONOR VENETO SRL,BOLOGNA,VIA DELLE VITI 7,2864091208.0
GIEFFESTUDIO S.R.L.,CASALECCHIO DI RENO,VIA LIDO 88,3271350377.0
SISTEMI INTEGRATI DI RECUPERO ECOSOSTENIBILE S.R.L. IN SIGLA S.I.R.E.S. S.R.L.,BOLOGNA,VIA TAGLIAPIETRE 8,2203471202.0
SHU AB S.R.L. IN LIQUIDAZIONE,BOLOGNA,GALLERIA DUE AGOSTO 1980 1/CD,3583461201.0
FOLIA PACKAGING S.R.L.,SAN LAZZARO DI SAVENA,VIA CICOGNA 73,3822571208.0
BONFIGLIOLI MARKET SRL,MONTERENZIO,VIA IDICE 161,3620551204.0
TAGLIAVINI ALBERTO S.R.L.,MONTERENZIO,VIA SILLARO 47,1657541205.0
V.M. S.R.L.S.,BORGO TOSSIGNANO,MAZZINI 68,3939661207.0
COPI OFFICE S.R.L.,BOLOGNA,VIALE DELLA REPUBBLICA 31/H,2132431202.0
CMS VIDEO S.R.L.,BUDRIO,VIA 1 MAGGIO 22,3835270376.0
GI.PI.KA.L. SRL,BOLOGNA,GALLERIA DEL LEONE 3,2112831207.0
MONDIAL JOB DUEMILA S.R.L.,BOLOGNA,STRADA MAGGIORE 63/C,2593451202.0
ZEFIRO S.R.L.,SAN GIOVANNI IN PERSICETO,VIA CIRCONVALLAZIONE ITALIA 50,2583901208.0
MOBILITY LIFE S.R.L. IN LIQUIDAZIONE,BOLOGNA,VIA DEL FONDITORE 2/7,2535960591.0
DO. M. A.- S.R.L.,BOLOGNA,VIA DI CORTICELLA 56,578320376.0
SUPER CAR S.R.L.,SAN PIETRO IN CASALE,VIA CENACCHIO 75,2011391204.0
TERRANTICA S.R.L.,BOLOGNA,VIALE GOZZADINI 19,2588071205.0
FRESNEL S.R.L.,BOLOGNA,VIA GIACOMO MATTEOTTI 31/2,3834731204.0
GP SERVICE S.R.L.,IMOLA,VIA UGO LAMBERTINI 6,3079691204.0
ZERENI MULTISERVICE S.R.L.S.,VERGATO,VIA BERLEDA 596,3891521209.0
LA*QUERCIA S.R.L.,BOLOGNA,VIA RIVA RENO 98,3685310371.0
FRANCESCHINI S.R.L.,CASTEL SAN PIETRO TERME,VIA CA' BIANCA 131/2,1541851208.0
ACRIPOLI S.R.L.,MONZUNO,LIBERO GRASSI 13,681401204.0
IMMOBILIARE EVERGREEN S.R.L. IN LIQUIDAZIONE,BOLOGNA,VIA FRANCESCO ZANARDI 231,3119661209.0
MORINI VERDE S.R.L.,PIANORO,VIA RIO FABBIANI 5,3083391205.0
NUOVA GENERAZIONE SRL,CREVALCORE,VIA G. PASCOLI 104/M,3417161209.0
IMPRESA FUTURA S.R.L. IN LIQUIDAZIONE,BOLOGNA,VIA GIUSEPPE MASSARENTI 157/4,3374631202.0
NEW SERVICE S.R.L. IN LIQUIDAZIONE,BOLOGNA,VIA GIUSEPPE GARIBALDI 7,2740021205.0
FARINISEI S.R.L.,BOLOGNA,VIA LUIGI CARLO FARINI 6,3548091200.0
ORSOLA SRL,BOLOGNA,VIALE ORIANI 33,2225571203.0
LAFE' S.R.L.S.,BOLOGNA,VIA AUGUSTO ROMAGNOLI 53/F,3615361205.0
NUOVO MONDO INTERNATIONAL S.R.L..,BOLOGNA,VIA DON LUIGI STURZO 52/A,1660001205.0
LA SORBETTERIA CASTIGLIONE S.R.L.,BOLOGNA,VIA CASTIGLIONE 44,4219680370.0
RMS ENGINEERING SRL IN LIQUIDAZIONE,CASTEL SAN PIETRO TERME,VIA MOLISE 24,3006461200.0
PIEMONTE MONTAGGI S.R.L.,CASTENASO,VIA BRUNO TOSARELLI 322,3583501204.0
LA ROSA IMOLA S.R.L.,IMOLA,VIA TOGLIATTI 20,3401581206.0
MEDIACONNECT SRL IN LIQUIDAZIONE,BOLOGNA,PIAZZA MINGHETTI 4/D,3444861201.0
STUDIO SERVIZI CONTABILI S.R.L. IN LIQUIDAZIONE,BOLOGNA,VIA ALTABELLA 21,2842631208.0
BMB SRL,VALSAMOGGIA,VIA MUZZA SPADETTA 43,3629581202.0
PROSIT INTERNATIONAL S.R.L.,BOLOGNA,VIA ENRICO MATTEI 102,3949111201.0
HOME SERVIZI S.R.L.,BOLOGNA,VIA LAPIDARI 18/M,3161821206.0
EMME.C.ELLE COSTRUZIONI GENERALI S.R.L.,IMOLA,VIA ALLENDE 1,3478031200.0
ALBA S.R.L.,BOLOGNA,VIA G.B. MELLONI 24,4106980370.0
T.EMME S.R.L. IN LIQUIDAZIONE,MALALBERGO,VIA NAZIONALE 246,676851207.0
RENO ACCIAI S.R.L.,BOLOGNA,VIA FARINI 24,3211261205.0
SERVIZI PER ESTETICA S.R.L.,IMOLA,VIA F.LLI BANDIERA 22,2257051207.0
JOLEEN S.R.L.,ARGELATO,VIA DEI LANAIOLI BLOCCO 12 S.N.C.,3628221206.0
FAST SERVICE SRL,BOLOGNA,VIA ADA NEGRI 15,2467161200.0
S.B.R. SOLUTIONS S.R.L.,ZOLA PREDOSA,VIA RISORGIMENTO 432/2A,3732571207.0
ELCONTROL ENERGY NET S.R.L.,MARZABOTTO,VIA DELL'INDUSTRIA 32,3448841209.0
PAOLO & FRANCO TAROZZI S.R.L. IN LIQUIDAZIONE,BOLOGNA,VIALE GIOSUE CARDUCCI 40,548381201.0
AMUS S.R.L.,SAN LAZZARO DI SAVENA,VIA GALLETTA 22,3873191203.0
BTC SRL,IMOLA,VIA COLOMBAROTTO 34,2489471207.0
IPE S.R.L. - SOCIETA' BENEFIT,ZOLA PREDOSA,VIA ENRICO MATTEI 1,3007721206.0
MCOM PARTECIPAZIONI SRL,CASTEL GUELFO DI BOLOGNA,VIA DELL'ARTIGIANATO 21,3951381205.0
ELECTRONIC FUTURE WORLD E.F.W. - S.R.L. (13),BOLOGNA,VIA MENGOLI 30,2441500374.0
LALUNA S.R.L.,BOLOGNA,VIALE MELICONI 1,2149661205.0
FIORONI S.R.L.,BOLOGNA,VIA DELLA GRADA 6/B,2839181209.0
WIP CREATIVE ARTS & MEDIA SRL,SASSO MARCONI,VIA GARIBALDI 1,3109341200.0
SOLAREVOLVE S.R.L.,BOLOGNA,VIALE ORIANI 31,3280891205.0
AQCERT S.R.L.,BOLOGNA,VIA DEI LAPIDARI 12,3180531208.0
EDIL C.I.A. S.R.L.,IMOLA,VIA DELL'AGRICOLTURA 7,1630361200.0
MUSA S.R.L.,BOLOGNA,VIA SAN VITALE 40/3C,2919241204.0
C.C.L. PARTECIPAZIONI SRL,BOLOGNA,VIA DOMOKOS 5,2958531200.0
AREA 4 SRL,BOLOGNA,VIA PAOLO CANALI 1,3540231200.0
CARAMARIA - S.R.L.,MEDICINA,VIA S. PERTINI 15/A,4195040375.0
MALU' SRL SEMPLIFICATA,SAN GIOVANNI IN PERSICETO,VIA A.VESPUCCI 17,3631091208.0
KEON S.R.L. IN LIQUIDAZIONE,BOLOGNA,VIA DELL INDUSTRIA 33,3347681201.0
COSTRUZIONI EDILI VICIGRADO S.R.L. ABBREVIABILE IN C. E. VI. S.R.L. IN LIQUIDAZIONE,SANT'AGATA BOLOGNESE,VIA FILIPPO TURATI 17,2825521202.0
LANDUZZI S.R.L.,BOLOGNA,VIA DEGLI ORTOLANI 34/F,4071160370.0
GI.MA. S.A.S. DI SOPRANI ALEX E C.,SASSO MARCONI,VIA BRENTO 4,2370081206.0
FOR. PLAST S.A.S. DI FORLANI CLAUDIO E C.,CASTEL MAGGIORE,VIA MARINO SERENARI 27/C,1674351208.0
VCA DI CHEN XIAOLIANG E QIU MIAOJUN & C. SAS,IMOLA,VIA PAMBERA 47/A,3735971206.0
IL LABORATORIO DEL GUSTO SAS DI AFFUSO CLAUDIO & C.,BOLOGNA,VIA CLAUDIO TREVES 13/E,3068391204.0
STUDIO BENVENUTI S.A.S. DI BENVENUTI STEFANO & C.,BOLOGNA,VIA COLLEGIO DI SPAGNA 15,3430720379.0
ORIS CARE DI BONI FEDERICO E C. S.A.S.,ZOLA PREDOSA,VIA CARDUCCI 18,2670191200.0
MACELLERIA BIAGIOLI S.A.S. DI BIAGIOLI ELENA,BOLOGNA,VIA SIGONIO 4,2638681201.0
D.M.D. S.A.S. DI LORENZINI MATTEO & C.,LOIANO,VIA NAPOLEONICA 5,3297821203.0
PEDRETTI S.A.S. DI MARCO PEDRETTI ED EREDI SERGIO PEDRETTI,BOLOGNA,VIA CORTICELLA 181,325220374.0
FALEGNAMERIA FINESTRELLI DI ANTONIO FINESTRELLI & C. S.A.S.,GAGGIO MONTANO,VIA VIVALLE 183,2087471203.0
LE LINEE DEL BERE DI PAOLO MAGNONI & C. - S.A.S.,BOLOGNA,VIA C. BATTISTI 11,4187590379.0
A & A S.A.S. DI CIRILLO ANTONIO,PIEVE DI CENTO,VIA GIUSEPPE LANDI 9/D,2137401200.0
LA VERA MOZZARELLA DELLA CAMPANIA S.A.S. DI GIUSEPPE FIOLA & C.,MEDICINA,VIA SAFFI 112,2366231203.0
SUPER SAS DI GOLFARINI FAUSTO,BOLOGNA,VIA DEI MIRTILLI 7,2807811209.0
IMMOBILIARE R. - & I. SAS DI ZUDOR IZABELLA ANDREA & C.,GRANAROLO DELL'EMILIA,VIA GRAMSCI 30,2114171206.0
SIAL FOOD SAS DI MUHAMMAD SHAFIQ & C.,BOLOGNA,VIA ENRICO MATTEI 17/4,3309251209.0
CAFFE' DEI CANTANTI S.A.S. DI LO PINTO DANIELE,BOLOGNA,VIA MAZZINI 13/C,2765611203.0
TECNO*FOOD ENGINEERING GROUP DI DONNINI CARLO E C.- S.A.S.,BOLOGNA,VIA KHARKOV 15,3117880371.0
BERGOSOFT DI BERGONZINI STEFANO E C. S.A.S.,BOLOGNA,VIA ERMETE ZACCONI 1/6,2860271200.0
FUTURA MOTORS S.A.S. DI FARINELLI ANDREA & C.,MONTERENZIO,VIA FAETO 12,1898301203.0
ORTOFRUTTICOLA*SAN*LAZZARO DI AURELIO MINOCCHERI & C. - S.A.S.,CASTEL MAGGIORE,VIA BONORA 15,547641209.0
COMMERCIAL SAP DI JAVED ASIF & C. S.A.S.,BOLOGNA,VIA ERMETE ZACCONI 3,2945281208.0
CENTRO CONTABILE EMILIA S.A.S. DI BRUNO MERLA VITALONE & C.,BOLOGNA,VIA ARNO 27,4288460373.0
BAR ASMARA DI TESGAYE TEKELU YEMANE & C. S.A.S.,BOLOGNA,VIA FIORAVANTI 95,4225720376.0
CASINO' ROYALE CAFE' DI MCCULLOCH BRYAN & C. SAS,MOLINELLA,VIA MATTEOTTI 7/A,3505071203.0
CENTRO SOCCORSO STRADALE DI MICHELE DELFIORE & C. S.A.S.,BOLOGNA,VIA DEL GOMITO 13,885901207.0
EUROKLIMABUS S.A.S. DI BORSARINI MARCO & C.,OZZANO DELL'EMILIA,VIA PIEMONTE 33,1726131202.0
IMMOBILIARE CENTRO DI MOSCARIELLO ANDREA & C. S.A.S.,BOLOGNA,VIA SANTO STEFANO 16,3044430373.0
MERRY DI MIMOSA S.A.S. DI PIER LUIGI MARANI & C.,BOLOGNA,VIA TOSCANA 28,408100378.0
CABI S.A.S. DI ENRICO BIGI E C.,CASALECCHIO DI RENO,VIA RONZANI 5/3,2215001203.0
SELMED S.A.S. DI MATTEO MASCHERINI E C.,MONTE SAN PIETRO,VIA LAVINO 334/1,3261361202.0
IMMOBILIARE LUNGHI S.A.S. DI LUNGHI MARA & C.,BOLOGNA,VIA DEL FONDITORE 53/2,1803211208.0
RENTAL & SPORT DI GIACCHE' CARLO & C. S.A.S.,BOLOGNA,VIA DEI LAPIDARI 13,2274031208.0
D.G.T. SERVICE SAS DI TROLLI MARCO E C.,BOLOGNA,VIA BARTOLOMEO PASSAROTTI 46/D,3115101200.0
IL RAGGIO DI SOLE S.A.S. DI GROSU VERA & C.,ZOLA PREDOSA,VIA DELLA FORNACE 15,2878501200.0
SUN IMMOBILIARE DI CLAUDIO E MARIA SOLE ANTONIONI S.A.S.,BOLOGNA,VIA CADRIANO 4/2,2606981203.0
VAMA DI CAVAZZA VALERIO E C. SOCIETA' IN ACCOMANDITA SEMPLICE (ENUNCIABILE COME VAMA DI CAVAZZA VALERIO E C. S.A.S.),SASSO MARCONI,MATTEOTTI 2,541651204.0
ONDE SONORE DI LUDOVICA FANIZZI & C. S.A.S.,BOLOGNA,VIA ARISTOTELE FIORAVANTI 7,3896891201.0
OTTICA GIULIETTI E GUERRA 3 S.A.S. DI MOLINARI FILIPPO E C.,BOLOGNA,VIA BATTINDARNO 376,2783091206.0
MARANI STEFANO S.A.S.,ARGELATO,VIA CENTESE 97,3383341207.0
LULAKI SAS DI VINCENZI MILOS E C.,BOLOGNA,VIA MASSARENTI 400/2,3664101205.0
BELIVER'S S.A.S. DI MUHAMMAD UMAIR ASLAM & C.,BOLOGNA,VIA A. SAFFI 22/B-C,3854071200.0
HUNG YUEH YING E C. S.A.S.,BOLOGNA,VIA DELLA BEVERARA 131/12,3658180371.0
FIVE STAR SAS DI NUMAIR MEHMOOD & C.,BARICELLA,VIA SAVENA VECCHIA 609,2830931206.0
TERMOIDRAULICA FORNI DI GIUSEPPE FORNI & C. S.A.S,SAN GIOVANNI IN PERSICETO,VIA SICILIA 13,517771200.0
TARTAGLIA S.A.S. DI TARTAGLIA TAMARA & C.,CASTEL GUELFO DI BOLOGNA,VIA LARGA 3,2033981206.0
PAOLO E TOM PNEUMATICI S.A.S. DI CAVINA PALMIRO & C.,MINERBIO,VIA E.MATTEI 4,1223320373.0
CAFFE' DEL CORSO S.A.S. DI FRABBI ANDREA & C.,SAN PIETRO IN CASALE,VIA MATTEOTTI 114,3233021207.0
L'ANGOLO DEL PANE DI LEONE GIUSEPPINA SAS,IMOLA,VIA D'AZEGLIO 28/A,2988811200.0
BAR IL PORTICO DI CRUZ MOLINA JOHANA DEL SOCORRO & C. S.A.S.,BOLOGNA,VIA EMILIA PONENTE 284/A,2011651201.0
SAPORI DI FRUTTA S.A.S. DI ANWAR MAQSOOD E C.,BOLOGNA,VIA DAGNINI 21/B,2464901202.0
MINGA S.A.S. DI MONICA TULIPANI E C.,ZOLA PREDOSA,VIA MASINI 19,2617131202.0
LA MEDICINESE STUCCHI S.A.S. DI GRAZIA FABRIZIO,MEDICINA,VIA FIORENTINA 1630,596381202.0
VERNICIATURA 2000 DI MUSOLESI VALERIANO E C. S.A.S.,PIANORO,VIA GARGANELLI 18,540491206.0
S.E.GE.A. S.A.S. DI GIORDANI PAOLA & C.,BOLOGNA,VIA GUELFA 76,3997220375.0
TOUR S.A.S. DI SANTOLI PAOLO & C.,DOZZA,VIA POGGIACCIO 62/A,3763980376.0
CENTRO OTTICO CASTEL MAGGIORE S.A.S. DI FALCONE GIANLUCA & C.,CASTEL MAGGIORE,VIA GRAMSCI 125,2635891209.0
3 - REAL INVESTMENT S.A.S DI PANZIERA ANDREA & C.,SAN LAZZARO DI SAVENA,VIA A. ZUCCHI 21/I,2731761207.0
FORTUNA S.A.S. DI ORTENSI LUCA & C.,ZOLA PREDOSA,VIA VALLE 1/2,2212201202.0
LABORATORIO ODONTOTECNICO*A.M. DI ALBERGHINI GIANLUCA & C. S.A.S.,BOLOGNA,VIA ZANARDI 74/D,4022890372.0
MORGANS CAFFE' DI MARTINI GENNARO & C. SAS,ARGELATO,BLOCCO 3B GALLERIA B 75,3092991201.0
MEZEL G & G DI CALDARA CARMELINA & C. S.A.S.,SAN LAZZARO DI SAVENA,VIA EMILIA 150,3365551203.0
TERMOIDRAULICA FIORINI DI LUCA FIORINI E C. S.A.S.,SAN GIOVANNI IN PERSICETO,VIA NUOVA 15/C,2038891202.0
PICCOLO BAR SAS DI FRANCO DAVIDE E C.,BOLOGNA,VIA BERTIERA 10,1985691201.0
ALE S.A.S. DI KADIU ELVIS & C.,BOLOGNA,VIA DELLE BELLE ARTI 11/B,2980571208.0
PASTICCERIA*SANT'ISAIA S.A.S. DI SIMIANI DANIELE &C.,BOLOGNA,VIA DEI LAMPONI 15,3543730372.0
CARASTAN S.A.S. DI CARASTAN IGOR & C.,BOLOGNA,VIA DELLE BELLE ARTI 48,3355041207.0
C.P. DI CRISTINA PENACCHIONI & C. S.A.S.,BUDRIO,VIA MARCONI 49,1593661208.0
INTERTRADE S.A.S. DI SALAS MOHAMED & C.,BOLOGNA,VIA DEL CARPENTIERE 56,2727861201.0
PUCCIACAFFE' S.A.S. DI PUCCIARELLI MICHELE E C.,BOLOGNA,VIA RIVA DI RENO 56/A,3126251200.0
VAP SERVIZI S.A.S. DI QUERCI PAOLO,ALTO RENO TERME,VIA MAZZINI 208,2697401202.0
XIEFU INVESTMENT ITALIA DI VERONESI ROBERTA & C. SAS,ARGELATO,BLOCCO 3B GALLERIA B 75,3234541203.0
AZIENDA AGRICOLA CA' ISOTTA SOCIETA' AGRICOLA DI ILEANA ZIRONDOLI E C. S.A.S.,VALSAMOGGIA,VIA PROVVIDENZA 557,1630641205.0
CORBEZZOLO DI BIANCHI MARIA PIA & C. S.A.S.,SASSO MARCONI,VIA DELL'OROLOGIO 65,806021200.0
STUDIO TOMBA DI TOMBA MICHELE E C. S.A.S.,BOLOGNA,VIA PORRETTANA 44,1871271209.0
DANNEK SAS DI LITON MOHAMMED E C.,BOLOGNA,VIA MARSALA 31/B,2597101209.0
MAZZETTI S.A.S. DI MAZZETTI MARCO & C.,BOLOGNA,VIA FIORAVANTI 42/A,2211801200.0
SANYLUX S.A.S. DI DONATI STEFANO & C.,MONZUNO,LOCALITA' BRAINE 57/A,1200310371.0
DUE ELLE S.A.S. DI CHIARA BONAGA & C.,BOLOGNA,VIA CAPRARIE 7,2181040375.0
VA.BO. COSTRUZIONI S.A.S. DI VACCARI GEOM. DARIO E C.,CASTEL MAGGIORE,VIA LIRONE 80,2095561201.0
A.M. NATT S.A.S. DI AKHTAR MAHMOOD & C.,BOLOGNA,VIA FERRARESE 67/E,3085151201.0
MARA PACCHIONI S.A.S. DI CLO' LARA & C.,VALSAMOGGIA,VIA GRAZIA DELEDDA 7/2,2314381209.0
GAMMA S.A.S. DI ZUDOR IZABELLA ANDREA & C.,GRANAROLO DELL'EMILIA,VIA GRAMSCI 30,1642591208.0
LASS INTERNATIONAL S.A.S. DI SABINI GIUSEPPE & C.,BOLOGNA,VIA SAN GERVASIO 05,4051400374.0
MOVE IN LIFE DI UMBERTO GALLINI & C. S.A.S.,BOLOGNA,VIA ALTABELLA 11,2573971203.0
S.A.S. GARAGNANI ASSFINGESCO DI MARZOCCHI CHIARA E C.,BOLOGNA,VIALE PIETRAMELLARA 33,1101700373.0
